pVal	phase	trough
G1	5.51648501370623e-09	8	20
S	5.17327674853885e-06	16	8
G2	0.00181947887395125	0	12
