pVal	phase	trough
G1	5.51648501370623e-09	8	20
S	3.48111595183913e-05	16	8
G2	0.00333824056392226	0	12
