pVal	phase	trough
G1	0.00308115258083334	4	16
S	0.0671800681701918	12	8
G2	0.192266993997944	20	4
