GO ID	Description	p-value	q-value	Enrichment (Target Ratio; BG Ration)	Genes
GO:0006468	protein phosphorylation	0.0441906242266935	0.950505065274687	2.54 (5/40; 120/2435)	ostta03g04140 ostta04g03710 ostta15g00670 ostta16g00240 ostta20g00640
