GO ID	Description	p-value	q-value	Enrichment (Target Ratio; BG Ration)	Genes
GO:0006813	potassium ion transport	0.0221462805536253	0.94305435177798	8.45 (2/48; 12/2435)	ostta01g00070 ostta06g04370
GO:0006397	mRNA processing	0.033936038312371	0.94305435177798	6.76 (2/48; 15/2435)	ostta08g02990 ostta08g04080
GO:0010467	gene expression	0.0353400305625905	0.94305435177798	1.64 (14/48; 434/2435)	ostta02g00900 ostta02g04680 ostta03g03300 ostta06g01030 ostta07g00490 ostta07g01760 ostta07g04530 ostta08g02010 ostta08g02990 ostta08g03770 ostta08g04080 ostta09g02160 ostta10g03410 ostta18g00310
GO:0043604	amide biosynthetic process	0.045106161960467	0.94305435177798	1.87 (9/48; 244/2435)	ostta02g00900 ostta02g04680 ostta03g03300 ostta06g01030 ostta07g01760 ostta07g04530 ostta08g02010 ostta08g03770 ostta18g00940
