GO ID	Description	p-value	q-value	Enrichment (Target Ratio; BG Ration)	Genes
GO:0044262	cellular carbohydrate metabolic process	0.00578851027009895	0.526776609161312	7.96 (3/34; 27/2435)	ostta05g01760 ostta07g03070 ostta20g00490
GO:0000271	polysaccharide biosynthetic process	0.0155067981437514	0.526776609161312	10.23 (2/34; 14/2435)	ostta07g03070 ostta20g00490
GO:0033692	cellular polysaccharide biosynthetic process	0.0155067981437514	0.526776609161312	10.23 (2/34; 14/2435)	ostta07g03070 ostta20g00490
GO:0006629	lipid metabolic process	0.0155673399185721	0.526776609161312	3.32 (5/34; 108/2435)	ostta03g04210 ostta03g04620 ostta08g02430 ostta09g01550 ostta14g02410
GO:0044264	cellular polysaccharide metabolic process	0.0177371111196499	0.526776609161312	9.55 (2/34; 15/2435)	ostta07g03070 ostta20g00490
GO:0015980	energy derivation by oxidation of organic compounds	0.0200951338704374	0.526776609161312	8.95 (2/34; 16/2435)	ostta07g03070 ostta20g00490
GO:0005976	polysaccharide metabolic process	0.0225770852249387	0.526776609161312	8.43 (2/34; 17/2435)	ostta07g03070 ostta20g00490
GO:0034637	cellular carbohydrate biosynthetic process	0.0251792593058237	0.526776609161312	7.96 (2/34; 18/2435)	ostta07g03070 ostta20g00490
GO:0016051	carbohydrate biosynthetic process	0.0431186235531604	0.801855104672808	5.97 (2/34; 24/2435)	ostta07g03070 ostta20g00490
